run_at,state_date,execution_price_source,execution_price_usd,snapshot_price_usd,model_price_usd,deviation_pct,expected_7d_return_pct,expected_30d_return_pct,historical_drawdown_risk_pct,memory_confidence_pct,decision_edge_pct,structural_regime,market_regime_code,action,confidence,executed_usdt,executed_btc,cash_usdt,btc_amount,cost_basis_usdt,avg_entry_price_usd,unrealized_pnl_usdt,unrealized_pnl_pct,realized_pnl_usdt,total_pnl_usdt,total_pnl_pct,btc_exposure_pct,portfolio_value_usdt,reason
2026-06-24T17:27:36.795799+00:00,2026-06-24,kraken,59604.2,62600.0,68992.1421696913,-13.6073,8.0966,23.1333,25.8979,70.2763,18.5594,bear_late,range_bias_up_dev_extreme,ACCUMULATE_SMALL,memory_moderate,100.0,0.001677734119,900.0,0.001677734119,,,,,,,10.0,1000.0,"Memory edge: 18.56%. | Expected 7d/30d: 8.10% / 23.13%. | Historical drawdown risk to weighted p10: 25.90%. | Memory confidence: 70.3%. | Weighted memory p50: 73392.61 USD vs execution price 59604.20 USD. | Live source: kraken. | Structural regime: bear_late; market regime: range_bias_up_dev_extreme. | Flow: neutru/slab; liquidity: ridicată/puternică."
2026-06-24T18:54:04.789547+00:00,2026-06-24,kraken,59451.2,62600.0,68992.1421696913,-13.829,8.2076,23.4502,25.7072,70.2763,18.8388,bear_late,range_bias_up_dev_extreme,ACCUMULATE_SMALL,memory_moderate,99.97433067,0.001681620063,800.02566933,0.003359354182,199.71763732,59451.2,0.0,0.0,0.0,0.0,0.0,19.9769,999.74330666,"Memory edge: 18.84%. | Expected 7d/30d: 8.21% / 23.45%. | Historical drawdown risk to weighted p10: 25.71%. | Memory confidence: 70.3%. | Weighted memory p50: 73392.61 USD vs execution price 59451.20 USD. | PnL: unrealized 0.00 USDT (0.00%), realized 0.00 USDT. | Live source: kraken. | Structural regime: bear_late; market regime: range_bias_up_dev_extreme. | Flow: neutru/slab; liquidity: ridicată/puternică."
2026-06-24T19:52:47.358052+00:00,2026-06-24,kraken,59825.3,62600.0,68992.1421696913,-13.2868,7.9374,22.6782,26.1717,70.2763,18.1582,bear_late,range_bias_up_dev_extreme,ACCUMULATE_SMALL,memory_moderate,100.10000411,0.001673205218,699.92566522,0.0050325594,299.81764143,59575.57926655,1.25673442,0.4192,0.0,1.25673442,0.1257,30.0774,1001.00004107,"Memory edge: 18.16%. | Expected 7d/30d: 7.94% / 22.68%. | Historical drawdown risk to weighted p10: 26.17%. | Memory confidence: 70.3%. | Weighted memory p50: 73392.61 USD vs execution price 59825.30 USD. | PnL: unrealized 1.26 USDT (0.63%), realized 0.00 USDT. | Live source: kraken. | Structural regime: bear_late; market regime: range_bias_up_dev_extreme. | Flow: neutru/slab; liquidity: ridicată/puternică."
2026-06-25T04:21:38.080825+00:00,2026-06-24,coinbase,60754.795,62600.0,68992.1421696913,-11.9395,0.0,0.0,0.0,0.0,0.0,bear_late,range_bias_up_dev_extreme,OBSERVE_STALE_DATA,none,0.0,0.0,699.92566522,0.0050325594,299.81764143,59575.57926291,5.93447324,1.9794,0.0,5.93447324,0.5934,30.4026,1005.67777989,"State date 2026-06-24 is not UTC today 2026-06-25. | No paper execution is allowed on stale data."
2026-06-25T05:48:17.778639+00:00,2026-06-25,coinbase,61473.435,60839.0,68992.1421696913,-10.8979,6.7862,19.3891,28.1511,69.6083,14.9409,bear_late,range_bias_up_dev_extreme,OBSERVE_ACCUMULATE_SMALL,memory_moderate_low,50.46471892,0.000820919132,649.4609463,0.005853478532,350.28236035,59841.74340382,9.55107173,2.7267,0.0,9.55107173,0.9551,35.652,1009.29437838,"Memory edge: 14.94%. | Expected 7d/30d: 6.79% / 19.39%. | Historical drawdown risk to weighted p10: 28.15%. | Memory confidence: 69.6%. | Weighted memory p50: 73392.61 USD vs execution price 61473.43 USD. | PnL: unrealized 9.55 USDT (3.19%), realized 0.00 USDT. | Live source: coinbase. | Structural regime: bear_late; market regime: range_bias_up_dev_extreme. | Flow: neutru/slab; liquidity: ridicată/puternică."
2026-06-25T08:16:31.141490+00:00,2026-06-25,coinbase,61679.995,60839.0,68992.1421696913,-10.5985,6.6463,18.9893,28.3917,69.6083,14.5894,bear_late,range_bias_up_dev_extreme,OBSERVE_ACCUMULATE_SMALL,memory_moderate_low,43.15886257,0.000699722212,606.30208373,0.006553200744,393.44122292,60038.02389979,10.76016624,2.7349,0.0,10.76016624,1.076,40.0,1010.50347289,"Memory edge: 14.59%. | Expected 7d/30d: 6.65% / 18.99%. | Historical drawdown risk to weighted p10: 28.39%. | Memory confidence: 69.6%. | Weighted memory p50: 73392.61 USD vs execution price 61680.00 USD. | PnL: unrealized 10.76 USDT (3.07%), realized 0.00 USDT. | Live source: coinbase. | Structural regime: bear_late; market regime: range_bias_up_dev_extreme. | Flow: neutru/slab; liquidity: ridicată/puternică."
2026-06-25T10:18:50.123554+00:00,2026-06-25,kraken,61627.5,60839.0,68992.1421696913,-10.6746,6.6817,19.0907,28.3307,69.6083,14.6785,bear_late,range_bias_up_dev_extreme,OBSERVE_ACCUMULATE_SMALL,memory_moderate_low,0.0,0.0,606.30208373,0.006553200744,393.44122292,60038.02390461,10.41615593,2.6474,0.0,10.41615593,1.0416,39.9796,1010.15946258,"Memory edge: 14.68%. | Expected 7d/30d: 6.68% / 19.09%. | Historical drawdown risk to weighted p10: 28.33%. | Memory confidence: 69.6%. | Weighted memory p50: 73392.61 USD vs execution price 61627.50 USD. | PnL: unrealized 10.42 USDT (2.65%), realized 0.00 USDT. | Live source: kraken. | Structural regime: bear_late; market regime: range_bias_up_dev_extreme. | Flow: neutru/slab; liquidity: ridicată/puternică."
2026-06-25T14:54:33.876051+00:00,2026-06-25,kraken,59562.0,60839.0,68992.1421696913,,,,,,,bear_late,range_bias_up_dev_extreme,MANUAL_BUY,manual_buy,8.32778786,0.000139817129,597.97429587,0.006693017873,401.76901078,60028.07976624,-3.11948021,-0.7764,0.0,-3.11948021,-0.3119,40.0,996.62382644,"Manual paper action from GitHub workflow. | Manual paper mode: no real funds, no exchange order. | Manual buy executed: 8.33 USDT at 59562.00 USD. | Hard exposure cap respected: 40.0%."
2026-06-25T15:15:32.033183+00:00,2026-06-25,coinbase,58892.765,60839.0,68992.1421696913,,,,,,,bear_late,range_bias_up_dev_extreme,MANUAL_BUY_OVERRIDE,manual_override,100.0,0.001698001444,497.97429587,0.008391019317,501.76901078,59798.33817981,-7.59868204,-1.5144,0.0,-7.59868204,-0.7599,49.8083,992.14462461,"Extra manual paper entry from GitHub workflow. | Manual paper mode: no real funds, no exchange order. | Manual override buy executed: 100.00 USDT at 58892.76 USD. | Operator override: bot exposure corridor was intentionally ignored for this paper trade."
2026-06-25T16:05:56.669614+00:00,2026-06-25,coinbase,59409.505,60839.0,68992.1421696913,-13.8895,8.2379,23.5368,25.655,69.6083,18.5866,bear_late,range_bias_up_dev_extreme,HOLD_CASH_CORRIDOR,cash_corridor,0.0,0.0,497.97429587,0.008391019317,501.76901078,59798.33817847,-3.26270671,-0.6502,0.0,-3.26270671,-0.3263,50.0267,996.48059994,"Memory edge: 18.59%. | Expected 7d/30d: 8.24% / 23.54%. | Historical drawdown risk to weighted p10: 25.66%. | Memory confidence: 69.6%. | Weighted memory p50: 73392.61 USD vs execution price 59409.50 USD. | PnL: unrealized -3.26 USDT (-0.65%), realized 0.00 USDT. | Live source: coinbase. | Structural regime: bear_late; market regime: range_bias_up_dev_extreme. | Flow: neutru/slab; liquidity: ridicată/puternică. | Cash corridor: profile bear_late_cash_corridor_strong_override, max exposure 40.0%, min cash reserve 10.0%, current exposure 50.0%. | No new buy: remaining cash corridor is below useful minimum entry size."
2026-06-26T04:37:21.651262+00:00,2026-06-25,kraken,59856.7,60839.0,68992.1421696913,-13.2413,0.0,0.0,0.0,0.0,0.0,bear_late,range_bias_up_dev_extreme,OBSERVE_STALE_DATA,none,0.0,0.0,497.97429587,0.008391019317,501.76901078,59798.33817847,0.48971517,0.0976,0.0,0.48971517,0.049,50.2142,1000.23302182,State date 2026-06-25 is not UTC today 2026-06-26. | No paper execution is allowed on stale data.
2026-06-26T05:52:47.444622+00:00,2026-06-26,kraken,59755.5,59865.0,69095.96435887631,-13.5181,8.024,22.9258,26.0855,69.3922,15.9245,bear_late,range_bias_up_dev_extreme,HOLD_CASH_CORRIDOR,cash_corridor,0.0,0.0,497.97429587,0.008391019317,501.76901078,59798.33817847,-0.35945598,-0.0716,0.0,-0.35945598,-0.0359,50.1719,999.38385067,"Memory edge: 15.92%. | Expected 7d/30d: 8.02% / 22.93%. | Historical drawdown risk to weighted p10: 26.09%. | Memory confidence: 69.4%. | Weighted memory p50: 73454.90 USD vs execution price 59755.50 USD. | PnL: unrealized -0.36 USDT (-0.07%), realized 0.00 USDT. | Live source: kraken. | Structural regime: bear_late; market regime: range_bias_up_dev_extreme. | Flow: neutru/slab; liquidity: moderată/moderată. | Cash corridor: profile bear_late_cash_corridor_moderate, max exposure 37.0%, min cash reserve 19.0%, current exposure 50.2%. | No new buy: remaining cash corridor is below useful minimum entry size."
2026-06-26T10:27:08.552917+00:00,2026-06-26,kraken,59700.0,59865.0,69095.96435887631,-13.5984,8.064,23.04,26.0168,69.3922,16.0248,bear_late,range_bias_up_dev_extreme,HOLD_CASH_CORRIDOR,cash_corridor,0.0,0.0,497.97429587,0.008391019317,501.76901078,59798.33817847,-0.82515756,-0.1644,0.0,-0.82515756,-0.0825,50.1486,998.91814909,"Memory edge: 16.02%. | Expected 7d/30d: 8.06% / 23.04%. | Historical drawdown risk to weighted p10: 26.02%. | Memory confidence: 69.4%. | Weighted memory p50: 73454.90 USD vs execution price 59700.00 USD. | PnL: unrealized -0.83 USDT (-0.16%), realized 0.00 USDT. | Live source: kraken. | Structural regime: bear_late; market regime: range_bias_up_dev_extreme. | Flow: neutru/slab; liquidity: moderată/moderată. | Cash corridor: profile bear_late_cash_corridor_moderate, max exposure 37.0%, min cash reserve 19.0%, current exposure 50.1%. | No new buy: remaining cash corridor is below useful minimum entry size."
2026-06-26T15:55:25.924186+00:00,2026-06-26,kraken,60186.6,59865.0,69095.96435887631,-12.8942,7.7158,22.0453,26.6149,69.3922,15.1514,bear_late,range_bias_up_dev_extreme,HOLD_CASH_CORRIDOR,cash_corridor,0.0,0.0,497.97429587,0.008391019317,501.76901078,59798.33817847,3.25791244,0.6493,0.0,3.25791244,0.3258,50.3516,1003.00121909,"Memory edge: 15.15%. | Expected 7d/30d: 7.72% / 22.05%. | Historical drawdown risk to weighted p10: 26.61%. | Memory confidence: 69.4%. | Weighted memory p50: 73454.90 USD vs execution price 60186.60 USD. | PnL: unrealized 3.26 USDT (0.65%), realized 0.00 USDT. | Live source: kraken. | Structural regime: bear_late; market regime: range_bias_up_dev_extreme. | Flow: neutru/slab; liquidity: moderată/moderată. | Cash corridor: profile bear_late_cash_corridor_moderate, max exposure 37.0%, min cash reserve 19.0%, current exposure 50.4%. | No new buy: remaining cash corridor is below useful minimum entry size."
2026-06-26T22:31:05.301974+00:00,2026-06-26,kraken,59802.7,59865.0,69095.96435887631,-13.4498,7.9901,22.8287,26.1438,69.3922,15.8393,bear_late,range_bias_up_dev_extreme,REDUCE_RISK,v063_trim,125.45140273,-0.002097754829,623.4256986,0.006293264488,376.32675808,59798.33817847,0.0274501,0.0073,0.00915003,0.03660013,0.0037,37.6437,999.77990678,"Memory edge: 15.84%. | Expected 7d/30d: 7.99% / 22.83%. | Historical drawdown risk to weighted p10: 26.14%. | Memory confidence: 69.4%. | Weighted memory p50: 73454.90 USD vs execution price 59802.70 USD. | PnL: unrealized 0.04 USDT (0.01%), realized 0.00 USDT. | Live source: kraken. | Structural regime: bear_late; market regime: range_bias_up_dev_extreme. | Flow: neutru/slab; liquidity: moderată/moderată. | v0.6.3 target smoothing: current BTC exposure is above the guarded target. | v0.6.3 adapter: raw=TRIM_ABOVE_SMOOTHED_TARGET_V063, paper=REDUCE_RISK, target exposure=34.0%, fraction=25.00%. | Cash corridor: profile bear_late_cash_corridor_moderate, max exposure 37.0%, min cash reserve 19.0%, current exposure 50.2%."
2026-06-27T04:14:12.268625+00:00,2026-06-26,kraken,60328.2,59865.0,69095.96435887631,-12.6893,0.0,0.0,0.0,0.0,0.0,bear_late,range_bias_up_dev_extreme,OBSERVE_STALE_DATA,none,0.0,0.0,623.4256986,0.006293264488,376.32675808,59798.3381753,3.3345606,0.8861,0.00915003,3.34371063,0.3344,37.8493,1003.08701728,State date 2026-06-26 is not UTC today 2026-06-27. | No paper execution is allowed on stale data.
2026-06-27T05:33:40.645842+00:00,2026-06-27,kraken,60105.6,60304.0,75352.12448130483,-20.2337,11.2732,32.209,22.1122,69.503,25.6427,bear_late,range_bias_up_dev_extreme,ACCUMULATE_SMALL,memory_moderate,22.41401663,0.000372910621,601.01168197,0.006666175109,398.74077471,59815.52662235,1.93367993,0.4849,0.00915003,1.94282996,0.1943,40.0,1001.68613661,"Memory edge: 25.64%. | Expected 7d/30d: 11.27% / 32.21%. | Historical drawdown risk to weighted p10: 22.11%. | Memory confidence: 69.5%. | Weighted memory p50: 79465.04 USD vs execution price 60105.60 USD. | PnL: unrealized 1.93 USDT (0.51%), realized 0.01 USDT. | Live source: kraken. | Structural regime: bear_late; market regime: range_bias_up_dev_extreme. | Flow: neutru/slab; liquidity: ridicată/puternică. | Cash corridor: profile bear_late_cash_corridor_strong_override, max exposure 40.0%, min cash reserve 10.0%, current exposure 37.8%."
2026-06-27T08:00:09.663292+00:00,2026-06-27,kraken,60454.2,60304.0,75352.12448130483,-19.7711,11.0063,31.4467,22.5613,69.503,24.9759,bear_late,range_bias_up_dev_extreme,HOLD,v063_target_reached,0.0,0.0,601.01168197,0.006666175109,398.74077471,59815.5266236,4.25750856,1.0677,0.00915003,4.26665859,0.4267,40.1389,1004.00996524,"Memory edge: 24.98%. | Expected 7d/30d: 11.01% / 31.45%. | Historical drawdown risk to weighted p10: 22.56%. | Memory confidence: 69.5%. | Weighted memory p50: 79465.04 USD vs execution price 60454.20 USD. | PnL: unrealized 4.26 USDT (1.07%), realized 0.01 USDT. | Live source: kraken. | Structural regime: bear_late; market regime: range_bias_up_dev_extreme. | Flow: neutru/slab; liquidity: ridicată/puternică. | v0.6.3 guarded target reached or cash too low for useful accumulation. | v0.6.3 adapter: raw=HOLD_TARGET_REACHED_V063, paper=HOLD, target exposure=40.0%, fraction=0.00%. | Cash corridor: profile bear_late_cash_corridor_strong_override, max exposure 40.0%, min cash reserve 10.0%, current exposure 40.1%."
2026-06-27T09:33:09.412196+00:00,2026-06-27,coinbase,60320.245,60304.0,75352.12448130483,-19.9488,11.1085,31.7386,22.3894,69.503,25.2312,bear_late,range_bias_up_dev_extreme,HOLD_CASH_CORRIDOR,cash_corridor,0.0,0.0,601.01168197,0.006666175109,398.74077471,59815.5266236,3.36454108,0.8438,0.00915003,3.37369111,0.3374,40.0856,1003.11699776,"Memory edge: 25.23%. | Expected 7d/30d: 11.11% / 31.74%. | Historical drawdown risk to weighted p10: 22.39%. | Memory confidence: 69.5%. | Weighted memory p50: 79465.04 USD vs execution price 60320.25 USD. | PnL: unrealized 3.36 USDT (0.84%), realized 0.01 USDT. | Live source: coinbase. | Structural regime: bear_late; market regime: range_bias_up_dev_extreme. | Flow: neutru/slab; liquidity: ridicată/puternică. | Cash corridor: profile bear_late_cash_corridor_strong_override, max exposure 40.0%, min cash reserve 10.0%, current exposure 40.1%. | No new buy: remaining cash corridor is below useful minimum entry size."
2026-06-27T15:03:26.932597+00:00,2026-06-27,kraken,60493.3,60304.0,75352.12448130483,-19.7192,10.9766,31.3617,22.6114,69.503,24.9016,bear_late,range_bias_up_dev_extreme,HOLD_CASH_CORRIDOR,cash_corridor,0.0,0.0,601.01168197,0.006666175109,398.74077471,59815.5266236,4.51815601,1.1331,0.00915003,4.52730604,0.4527,40.1544,1004.27061269,"Memory edge: 24.90%. | Expected 7d/30d: 10.98% / 31.36%. | Historical drawdown risk to weighted p10: 22.61%. | Memory confidence: 69.5%. | Weighted memory p50: 79465.04 USD vs execution price 60493.30 USD. | PnL: unrealized 4.52 USDT (1.13%), realized 0.01 USDT. | Live source: kraken. | Structural regime: bear_late; market regime: range_bias_up_dev_extreme. | Flow: neutru/slab; liquidity: ridicată/puternică. | Cash corridor: profile bear_late_cash_corridor_strong_override, max exposure 40.0%, min cash reserve 10.0%, current exposure 40.2%. | No new buy: remaining cash corridor is below useful minimum entry size."
2026-06-28T04:47:07.229404+00:00,2026-06-27,kraken,60082.7,60304.0,75352.12448130483,-20.2641,0.0,0.0,0.0,0.0,0.0,bear_late,range_bias_up_dev_extreme,OBSERVE_STALE_DATA,none,0.0,0.0,601.01168197,0.006666175109,398.74077471,59815.5266236,1.78102451,0.4467,0.00915003,1.79017454,0.179,39.9909,1001.53348119,State date 2026-06-27 is not UTC today 2026-06-28. | No paper execution is allowed on stale data.
2026-06-28T05:58:17.438709+00:00,2026-06-28,kraken,59902.8,60048.0,76051.630798455,-21.234,11.675,33.3573,21.8485,69.3072,26.4131,bear_late,range_bias_up_dev_extreme,HOLD_CASH_CORRIDOR,cash_corridor,0.0,0.0,601.01168197,0.006666175109,398.74077471,59815.5266236,0.58177961,0.1459,0.00915003,0.59092964,0.0591,39.9189,1000.33423629,"Memory edge: 26.41%. | Expected 7d/30d: 11.68% / 33.36%. | Historical drawdown risk to weighted p10: 21.85%. | Memory confidence: 69.3%. | Weighted memory p50: 79884.74 USD vs execution price 59902.80 USD. | PnL: unrealized 0.58 USDT (0.15%), realized 0.01 USDT. | Live source: kraken. | Structural regime: bear_late; market regime: range_bias_up_dev_extreme. | Flow: neutru/slab; liquidity: ridicată/puternică. | Cash corridor: profile bear_late_cash_corridor_strong_override, max exposure 40.0%, min cash reserve 10.0%, current exposure 39.9%. | No new buy: remaining cash corridor is below useful minimum entry size."
2026-06-28T10:07:32.490143+00:00,2026-06-28,kraken,60123.0,60048.0,76051.630798455,-20.9445,11.5041,32.8689,22.1347,69.3072,25.9867,bear_late,range_bias_up_dev_extreme,HOLD_CASH_CORRIDOR,cash_corridor,0.0,0.0,601.01168197,0.006666175109,398.74077471,59815.5266236,2.04967137,0.514,0.00915003,2.0588214,0.2059,40.0069,1001.80212805,"Memory edge: 25.99%. | Expected 7d/30d: 11.50% / 32.87%. | Historical drawdown risk to weighted p10: 22.13%. | Memory confidence: 69.3%. | Weighted memory p50: 79884.74 USD vs execution price 60123.00 USD. | PnL: unrealized 2.05 USDT (0.51%), realized 0.01 USDT. | Live source: kraken. | Structural regime: bear_late; market regime: range_bias_up_dev_extreme. | Flow: neutru/slab; liquidity: ridicată/puternică. | Cash corridor: profile bear_late_cash_corridor_strong_override, max exposure 40.0%, min cash reserve 10.0%, current exposure 40.0%. | No new buy: remaining cash corridor is below useful minimum entry size."
2026-06-28T15:05:24.342457+00:00,2026-06-28,kraken,59991.6,60048.0,76051.630798455,-21.1173,11.606,33.1599,21.9642,69.3072,26.2407,bear_late,range_bias_up_dev_extreme,HOLD_CASH_CORRIDOR,cash_corridor,0.0,0.0,601.01168197,0.006666175109,398.74077471,59815.5266236,1.17373596,0.2944,0.00915003,1.18288599,0.1183,39.9544,1000.92619264,"Memory edge: 26.24%. | Expected 7d/30d: 11.61% / 33.16%. | Historical drawdown risk to weighted p10: 21.96%. | Memory confidence: 69.3%. | Weighted memory p50: 79884.74 USD vs execution price 59991.60 USD. | PnL: unrealized 1.17 USDT (0.29%), realized 0.01 USDT. | Live source: kraken. | Structural regime: bear_late; market regime: range_bias_up_dev_extreme. | Flow: neutru/slab; liquidity: ridicată/puternică. | Cash corridor: profile bear_late_cash_corridor_strong_override, max exposure 40.0%, min cash reserve 10.0%, current exposure 40.0%. | No new buy: remaining cash corridor is below useful minimum entry size."
2026-06-29T04:57:19.885144+00:00,2026-06-28,kraken,59735.3,60048.0,76051.630798455,-21.4543,0.0,0.0,0.0,0.0,0.0,bear_late,range_bias_up_dev_extreme,OBSERVE_STALE_DATA,none,0.0,0.0,601.01168197,0.006666175109,398.74077471,59815.5266236,-0.53480472,-0.1341,0.00915003,-0.52565469,-0.0526,39.8518,999.21765196,State date 2026-06-28 is not UTC today 2026-06-29. | No paper execution is allowed on stale data.
2026-06-29T06:21:35.719383+00:00,2026-06-29,kraken,60157.4,59437.0,76128.29854323003,-20.9789,11.5043,32.8693,21.8487,68.9175,25.8616,bear_late,range_bias_up_dev_extreme,HOLD_CASH_CORRIDOR,cash_corridor,0.0,0.0,601.01168197,0.006666175109,398.74077471,59815.5266236,2.27898779,0.5715,0.00915003,2.28813782,0.2288,40.0207,1002.03144447,"Memory edge: 25.86%. | Expected 7d/30d: 11.50% / 32.87%. | Historical drawdown risk to weighted p10: 21.85%. | Memory confidence: 68.9%. | Weighted memory p50: 79930.74 USD vs execution price 60157.40 USD. | PnL: unrealized 2.28 USDT (0.57%), realized 0.01 USDT. | Live source: kraken. | Structural regime: bear_late; market regime: range_bias_up_dev_extreme. | Flow: neutru/slab; liquidity: moderată/puternică. | Cash corridor: profile bear_late_cash_corridor_strong_override, max exposure 40.0%, min cash reserve 10.0%, current exposure 40.0%. | No new buy: remaining cash corridor is below useful minimum entry size."
2026-06-29T12:05:43.220614+00:00,2026-06-29,kraken,60386.8,59437.0,76128.29854323003,-20.6776,11.3276,32.3646,22.1455,68.9175,25.4215,bear_late,range_bias_up_dev_extreme,HOLD_CASH_CORRIDOR,cash_corridor,0.0,0.0,601.01168197,0.006666175109,398.74077471,59815.5266236,3.80820836,0.9551,0.00915003,3.81735839,0.3817,40.1121,1003.56066504,"Memory edge: 25.42%. | Expected 7d/30d: 11.33% / 32.36%. | Historical drawdown risk to weighted p10: 22.15%. | Memory confidence: 68.9%. | Weighted memory p50: 79930.74 USD vs execution price 60386.80 USD. | PnL: unrealized 3.81 USDT (0.96%), realized 0.01 USDT. | Live source: kraken. | Structural regime: bear_late; market regime: range_bias_up_dev_extreme. | Flow: neutru/slab; liquidity: moderată/puternică. | Cash corridor: profile bear_late_cash_corridor_strong_override, max exposure 40.0%, min cash reserve 10.0%, current exposure 40.1%. | No new buy: remaining cash corridor is below useful minimum entry size."
2026-06-29T16:46:15.442676+00:00,2026-06-29,kraken,59740.1,59437.0,76128.29854323003,-21.5271,11.8291,33.7975,21.3028,68.9175,26.6709,bear_late,range_bias_up_dev_extreme,HOLD_CASH_CORRIDOR,cash_corridor,0.0,0.0,601.01168197,0.006666175109,398.74077471,59815.5266236,-0.50280708,-0.1261,0.00915003,-0.49365705,-0.0494,39.8537,999.2496496,"Memory edge: 26.67%. | Expected 7d/30d: 11.83% / 33.80%. | Historical drawdown risk to weighted p10: 21.30%. | Memory confidence: 68.9%. | Weighted memory p50: 79930.74 USD vs execution price 59740.10 USD. | PnL: unrealized -0.50 USDT (-0.13%), realized 0.01 USDT. | Live source: kraken. | Structural regime: bear_late; market regime: range_bias_up_dev_extreme. | Flow: neutru/slab; liquidity: moderată/puternică. | Cash corridor: profile bear_late_cash_corridor_strong_override, max exposure 40.0%, min cash reserve 10.0%, current exposure 39.9%. | No new buy: remaining cash corridor is below useful minimum entry size."
2026-06-30T04:22:26.677639+00:00,2026-06-29,kraken,59394.3,59437.0,76128.29854323003,-21.9813,0.0,0.0,0.0,0.0,0.0,bear_late,range_bias_up_dev_extreme,OBSERVE_STALE_DATA,none,0.0,0.0,601.01168197,0.006666175109,398.74077471,59815.5266236,-2.80797043,-0.7042,0.00915003,-2.7988204,-0.2799,39.7146,996.94448625,State date 2026-06-29 is not UTC today 2026-06-30. | No paper execution is allowed on stale data.
2026-06-30T05:50:44.372691+00:00,2026-06-30,coinbase,59500.045,59531.0,76051.630798455,-21.7636,11.991,34.26,20.9852,68.615,20.9213,bear_late,range_bias_up_dev_extreme,HOLD_CASH_CORRIDOR,cash_corridor,0.0,0.0,601.01168197,0.006666175109,398.74077471,59815.5266236,-2.10305575,-0.5274,0.00915003,-2.09390572,-0.2094,39.7572,997.64940093,"Memory edge: 20.92%. | Expected 7d/30d: 11.99% / 34.26%. | Historical drawdown risk to weighted p10: 20.99%. | Memory confidence: 68.6%. | Weighted memory p50: 79884.74 USD vs execution price 59500.04 USD. | PnL: unrealized -2.10 USDT (-0.53%), realized 0.01 USDT. | Live source: coinbase. | Structural regime: bear_late; market regime: range_bias_up_dev_extreme. | Flow: negativ/moderat; liquidity: ridicată/puternică. | Cash corridor: profile bear_late_cash_corridor_strong_override, max exposure 40.0%, min cash reserve 10.0%, current exposure 39.8%. | No new buy: remaining cash corridor is below useful minimum entry size."
2026-06-30T10:34:58.610093+00:00,2026-06-30,kraken,59264.8,59531.0,76051.630798455,-22.0729,12.1775,34.7929,20.6716,68.615,21.3854,bear_late,range_bias_up_dev_extreme,HOLD_CASH_CORRIDOR,cash_corridor,0.0,0.0,601.01168197,0.006666175109,398.74077471,59815.5266236,-3.67124011,-0.9207,0.00915003,-3.66209008,-0.3662,39.6624,996.08121657,"Memory edge: 21.39%. | Expected 7d/30d: 12.18% / 34.79%. | Historical drawdown risk to weighted p10: 20.67%. | Memory confidence: 68.6%. | Weighted memory p50: 79884.74 USD vs execution price 59264.80 USD. | PnL: unrealized -3.67 USDT (-0.92%), realized 0.01 USDT. | Live source: kraken. | Structural regime: bear_late; market regime: range_bias_up_dev_extreme. | Flow: negativ/moderat; liquidity: ridicată/puternică. | Cash corridor: profile bear_late_cash_corridor_strong_override, max exposure 40.0%, min cash reserve 10.0%, current exposure 39.7%. | No new buy: remaining cash corridor is below useful minimum entry size."
2026-06-30T16:10:04.675454+00:00,2026-06-30,kraken,58487.7,59531.0,76051.630798455,-23.0947,12.8043,36.5838,19.6176,68.615,22.945,bear_late,range_bias_up_dev_extreme,ACCUMULATE_SMALL,memory_moderate,6.47112283,0.000110640747,594.54055914,0.006776815856,405.21189754,59793.84804579,-8.85152479,-2.1844,0.00915003,-8.84237476,-0.8842,40.0,990.90093189,"Memory edge: 22.95%. | Expected 7d/30d: 12.80% / 36.58%. | Historical drawdown risk to weighted p10: 19.62%. | Memory confidence: 68.6%. | Weighted memory p50: 79884.74 USD vs execution price 58487.70 USD. | PnL: unrealized -8.85 USDT (-2.22%), realized 0.01 USDT. | Live source: kraken. | Structural regime: bear_late; market regime: range_bias_up_dev_extreme. | Flow: negativ/moderat; liquidity: ridicată/puternică. | Cash corridor: profile bear_late_cash_corridor_strong_override, max exposure 40.0%, min cash reserve 10.0%, current exposure 39.3%."
2026-07-01T04:51:39.741158+00:00,2026-06-30,coinbase,59294.135,59531.0,76051.630798455,-22.0344,0.0,0.0,0.0,0.0,0.0,bear_late,range_bias_up_dev_extreme,OBSERVE_STALE_DATA,none,0.0,0.0,594.54055914,0.006776815856,405.21189754,59793.84804757,-3.3864633,-0.8357,0.00915003,-3.37731327,-0.3377,40.3291,996.36599338,State date 2026-06-30 is not UTC today 2026-07-01. | No paper execution is allowed on stale data.
2026-07-01T06:08:26.384033+00:00,2026-07-01,kraken,58909.5,59240.0,76255.9577122611,-22.7477,12.5156,35.7589,20.658,68.3815,23.9207,bear_late,range_bias_up_dev_extreme,HOLD_CASH_CORRIDOR,cash_corridor,0.0,0.0,594.54055914,0.006776815856,405.21189754,59793.84804757,-5.99306387,-1.479,0.00915003,-5.98391384,-0.5984,40.1726,993.75939281,"Memory edge: 23.92%. | Expected 7d/30d: 12.52% / 35.76%. | Historical drawdown risk to weighted p10: 20.66%. | Memory confidence: 68.4%. | Weighted memory p50: 79974.87 USD vs execution price 58909.50 USD. | PnL: unrealized -5.99 USDT (-1.48%), realized 0.01 USDT. | Live source: kraken. | Structural regime: bear_late; market regime: range_bias_up_dev_extreme. | Flow: pozitiv/moderat; liquidity: moderată/moderată. | Cash corridor: profile bear_late_cash_corridor_strong_override, max exposure 40.0%, min cash reserve 10.0%, current exposure 40.2%. | No new buy: remaining cash corridor is below useful minimum entry size."
2026-07-01T06:18:02.574367+00:00,2026-07-01,kraken,58855.1,59240.0,76255.9577122611,-22.819,12.5595,35.8844,20.5847,68.3815,24.0297,bear_late,range_bias_up_dev_extreme,HOLD,v063_target_reached,0.0,0.0,594.54055914,0.006776815856,405.21189754,59793.84804757,-6.36172265,-1.57,0.00915003,-6.35257262,-0.6353,40.1504,993.39073403,"Memory edge: 24.03%. | Expected 7d/30d: 12.56% / 35.88%. | Historical drawdown risk to weighted p10: 20.58%. | Memory confidence: 68.4%. | Weighted memory p50: 79974.87 USD vs execution price 58855.10 USD. | PnL: unrealized -6.36 USDT (-1.57%), realized 0.01 USDT. | Live source: kraken. | Structural regime: bear_late; market regime: range_bias_up_dev_extreme. | Flow: pozitiv/moderat; liquidity: moderată/moderată. | v0.6.3 guarded target reached or cash too low for useful accumulation. | v0.6.3 adapter: raw=HOLD_TARGET_REACHED_V063, paper=HOLD, target exposure=40.0%, fraction=0.00%. | Cash corridor: profile bear_late_cash_corridor_strong_override, max exposure 40.0%, min cash reserve 10.0%, current exposure 40.2%."
2026-07-01T10:48:18.573851+00:00,2026-07-01,kraken,58610.0,59240.0,76255.9577122611,-23.1404,12.7584,36.4526,20.2526,68.3815,24.5233,bear_late,range_bias_up_dev_extreme,HOLD,v063_target_reached,0.0,0.0,594.54055914,0.006776815856,405.21189754,59793.84804757,-8.02272022,-1.9799,0.00915003,-8.01357019,-0.8014,40.0501,991.72973646,"Memory edge: 24.52%. | Expected 7d/30d: 12.76% / 36.45%. | Historical drawdown risk to weighted p10: 20.25%. | Memory confidence: 68.4%. | Weighted memory p50: 79974.87 USD vs execution price 58610.00 USD. | PnL: unrealized -8.02 USDT (-1.98%), realized 0.01 USDT. | Live source: kraken. | Structural regime: bear_late; market regime: range_bias_up_dev_extreme. | Flow: pozitiv/moderat; liquidity: moderată/moderată. | v0.6.3 guarded target reached or cash too low for useful accumulation. | v0.6.3 adapter: raw=HOLD_TARGET_REACHED_V063, paper=HOLD, target exposure=40.0%, fraction=0.00%. | Cash corridor: profile bear_late_cash_corridor_strong_override, max exposure 40.0%, min cash reserve 10.0%, current exposure 40.1%."
2026-07-01T16:09:43.950652+00:00,2026-07-01,kraken,60130.0,59240.0,76255.9577122611,-21.1471,11.5511,33.0033,22.2685,68.3815,21.5272,bear_late,range_bias_up_dev_extreme,HOLD,v063_target_reached,0.0,0.0,594.54055914,0.006776815856,405.21189754,59793.84804757,2.27803988,0.5622,0.00915003,2.28718991,0.2287,40.6664,1002.03049656,"Memory edge: 21.53%. | Expected 7d/30d: 11.55% / 33.00%. | Historical drawdown risk to weighted p10: 22.27%. | Memory confidence: 68.4%. | Weighted memory p50: 79974.87 USD vs execution price 60130.00 USD. | PnL: unrealized 2.28 USDT (0.56%), realized 0.01 USDT. | Live source: kraken. | Structural regime: bear_late; market regime: range_bias_up_dev_extreme. | Flow: pozitiv/moderat; liquidity: moderată/moderată. | v0.6.3 guarded target reached or cash too low for useful accumulation. | v0.6.3 adapter: raw=HOLD_TARGET_REACHED_V063, paper=HOLD, target exposure=40.0%, fraction=0.00%. | Cash corridor: profile bear_late_cash_corridor_strong_override, max exposure 40.0%, min cash reserve 10.0%, current exposure 40.7%."
2026-07-02T05:39:59.982526+00:00,2026-07-02,coinbase,60586.915,60693.0,76377.49643879641,-20.6744,11.2422,32.1206,24.0523,68.5849,20.4738,bear_late,range_bias_up_dev_extreme,HOLD,v063_target_reached,0.0,0.0,594.54055914,0.006776815856,405.21189754,59793.84804757,5.3744687,1.3263,0.00915003,5.38361873,0.5384,40.8492,1005.12692538,"Memory edge: 20.47%. | Expected 7d/30d: 11.24% / 32.12%. | Historical drawdown risk to weighted p10: 24.05%. | Memory confidence: 68.6%. | Weighted memory p50: 80047.79 USD vs execution price 60586.92 USD. | PnL: unrealized 5.37 USDT (1.33%), realized 0.01 USDT. | Live source: coinbase. | Structural regime: bear_late; market regime: range_bias_up_dev_extreme. | Flow: pozitiv/moderat; liquidity: moderată/moderată. | v0.6.3 guarded target reached or cash too low for useful accumulation. | v0.6.3 adapter: raw=HOLD_TARGET_REACHED_V063, paper=HOLD, target exposure=40.0%, fraction=0.00%. | Cash corridor: profile bear_late_cash_corridor_strong_override, max exposure 40.0%, min cash reserve 10.0%, current exposure 40.8%."
2026-07-02T10:14:28.473550+00:00,2026-07-02,kraken,61133.2,60693.0,76377.49643879641,-19.9591,10.829,30.94,24.731,68.5849,19.4509,bear_late,range_bias_up_dev_extreme,HOLD,v063_target_reached,0.0,0.0,594.54055914,0.006776815856,405.21189754,59793.84804757,9.07654155,2.2399,0.00915003,9.08569158,0.9086,41.0663,1008.82899823,"Memory edge: 19.45%. | Expected 7d/30d: 10.83% / 30.94%. | Historical drawdown risk to weighted p10: 24.73%. | Memory confidence: 68.6%. | Weighted memory p50: 80047.79 USD vs execution price 61133.20 USD. | PnL: unrealized 9.08 USDT (2.24%), realized 0.01 USDT. | Live source: kraken. | Structural regime: bear_late; market regime: range_bias_up_dev_extreme. | Flow: pozitiv/moderat; liquidity: moderată/moderată. | v0.6.3 guarded target reached or cash too low for useful accumulation. | v0.6.3 adapter: raw=HOLD_TARGET_REACHED_V063, paper=HOLD, target exposure=40.0%, fraction=0.00%. | Cash corridor: profile bear_late_cash_corridor_strong_override, max exposure 40.0%, min cash reserve 10.0%, current exposure 41.1%."
2026-07-02T15:55:02.429840+00:00,2026-07-02,kraken,61544.8,60693.0,76377.49643879641,-19.4202,10.5225,30.0643,25.2344,68.5849,18.6921,bear_late,range_bias_up_dev_extreme,HOLD,v063_target_reached,0.0,0.0,594.54055914,0.006776815856,405.21189754,59793.84804757,11.86587895,2.9283,0.00915003,11.87502898,1.1875,41.2288,1011.61833563,"Memory edge: 18.69%. | Expected 7d/30d: 10.52% / 30.06%. | Historical drawdown risk to weighted p10: 25.23%. | Memory confidence: 68.6%. | Weighted memory p50: 80047.79 USD vs execution price 61544.80 USD. | PnL: unrealized 11.87 USDT (2.93%), realized 0.01 USDT. | Live source: kraken. | Structural regime: bear_late; market regime: range_bias_up_dev_extreme. | Flow: pozitiv/moderat; liquidity: moderată/moderată. | v0.6.3 guarded target reached or cash too low for useful accumulation. | v0.6.3 adapter: raw=HOLD_TARGET_REACHED_V063, paper=HOLD, target exposure=40.0%, fraction=0.00%. | Cash corridor: profile bear_late_cash_corridor_strong_override, max exposure 40.0%, min cash reserve 10.0%, current exposure 41.2%."
2026-07-03T05:33:59.896192+00:00,2026-07-03,coinbase,61633.345,61310.0,76377.49643879641,-19.3043,10.4571,29.8774,25.3418,68.4288,22.444,bear_late,range_bias_up_dev_extreme,HOLD,v063_target_reached,0.0,0.0,594.54055914,0.006776815856,405.21189754,59793.84804757,12.46593211,3.0764,0.00915003,12.47508214,1.2475,41.2636,1012.21838879,"Memory edge: 22.44%. | Expected 7d/30d: 10.46% / 29.88%. | Historical drawdown risk to weighted p10: 25.34%. | Memory confidence: 68.4%. | Weighted memory p50: 80047.79 USD vs execution price 61633.35 USD. | PnL: unrealized 12.47 USDT (3.08%), realized 0.01 USDT. | Live source: coinbase. | Structural regime: bear_late; market regime: range_bias_up_dev_extreme. | Flow: neutru/slab; liquidity: ridicată/puternică. | v0.6.3 guarded target reached or cash too low for useful accumulation. | v0.6.3 adapter: raw=HOLD_TARGET_REACHED_V063, paper=HOLD, target exposure=40.0%, fraction=0.00%. | Cash corridor: profile bear_late_cash_corridor_strong_override, max exposure 40.0%, min cash reserve 10.0%, current exposure 41.3%."
2026-07-03T10:10:27.202220+00:00,2026-07-03,coinbase,61618.475,61310.0,76377.49643879641,-19.3238,10.4681,29.9088,25.3238,68.4288,22.4712,bear_late,range_bias_up_dev_extreme,HOLD,v063_target_reached,0.0,0.0,594.54055914,0.006776815856,405.21189754,59793.84804757,12.36516086,3.0515,0.00915003,12.37431089,1.2374,41.2578,1012.11761754,"Memory edge: 22.47%. | Expected 7d/30d: 10.47% / 29.91%. | Historical drawdown risk to weighted p10: 25.32%. | Memory confidence: 68.4%. | Weighted memory p50: 80047.79 USD vs execution price 61618.47 USD. | PnL: unrealized 12.37 USDT (3.05%), realized 0.01 USDT. | Live source: coinbase. | Structural regime: bear_late; market regime: range_bias_up_dev_extreme. | Flow: neutru/slab; liquidity: ridicată/puternică. | v0.6.3 guarded target reached or cash too low for useful accumulation. | v0.6.3 adapter: raw=HOLD_TARGET_REACHED_V063, paper=HOLD, target exposure=40.0%, fraction=0.00%. | Cash corridor: profile bear_late_cash_corridor_strong_override, max exposure 40.0%, min cash reserve 10.0%, current exposure 41.3%."
2026-07-03T15:35:42.888987+00:00,2026-07-03,kraken,61955.1,61310.0,76377.49643879641,-18.883,10.221,29.2029,25.7295,68.4288,21.8601,bear_late,range_bias_up_dev_extreme,HOLD,v063_target_reached,0.0,0.0,594.54055914,0.006776815856,405.21189754,59793.84804757,14.6464065,3.6145,0.00915003,14.65555653,1.4656,41.3899,1014.39886318,"Memory edge: 21.86%. | Expected 7d/30d: 10.22% / 29.20%. | Historical drawdown risk to weighted p10: 25.73%. | Memory confidence: 68.4%. | Weighted memory p50: 80047.79 USD vs execution price 61955.10 USD. | PnL: unrealized 14.65 USDT (3.61%), realized 0.01 USDT. | Live source: kraken. | Structural regime: bear_late; market regime: range_bias_up_dev_extreme. | Flow: neutru/slab; liquidity: ridicată/puternică. | v0.6.3 guarded target reached or cash too low for useful accumulation. | v0.6.3 adapter: raw=HOLD_TARGET_REACHED_V063, paper=HOLD, target exposure=40.0%, fraction=0.00%. | Cash corridor: profile bear_late_cash_corridor_strong_override, max exposure 40.0%, min cash reserve 10.0%, current exposure 41.4%."
2026-07-03T20:46:02.127480+00:00,2026-07-03,kraken,62737.7,61310.0,76377.49643879641,-17.8584,9.6569,27.5912,26.656,68.4288,20.4647,bear_late,range_bias_up_dev_extreme,HOLD,v063_target_reached,0.0,0.0,594.54055914,0.006776815856,405.21189754,59793.84804757,19.94994259,4.9233,0.00915003,19.95909262,1.9959,41.6947,1019.70239927,"Memory edge: 20.46%. | Expected 7d/30d: 9.66% / 27.59%. | Historical drawdown risk to weighted p10: 26.66%. | Memory confidence: 68.4%. | Weighted memory p50: 80047.79 USD vs execution price 62737.70 USD. | PnL: unrealized 19.95 USDT (4.92%), realized 0.01 USDT. | Live source: kraken. | Structural regime: bear_late; market regime: range_bias_up_dev_extreme. | Flow: neutru/slab; liquidity: ridicată/puternică. | v0.6.3 guarded target reached or cash too low for useful accumulation. | v0.6.3 adapter: raw=HOLD_TARGET_REACHED_V063, paper=HOLD, target exposure=40.0%, fraction=0.00%. | Cash corridor: profile bear_late_cash_corridor_strong_override, max exposure 40.0%, min cash reserve 10.0%, current exposure 41.7%."
2026-07-03T21:47:44.219625+00:00,2026-07-03,coinbase,62609.145,61310.0,76377.49643879641,-18.0267,9.7486,27.8532,26.5054,68.4288,20.6915,bear_late,range_bias_up_dev_extreme,HOLD,v063_target_reached,0.0,0.0,594.54055914,0.006776815856,405.21189754,59793.84804757,19.07874903,4.7083,0.00915003,19.08789906,1.9088,41.6448,1018.83120571,"Memory edge: 20.69%. | Expected 7d/30d: 9.75% / 27.85%. | Historical drawdown risk to weighted p10: 26.51%. | Memory confidence: 68.4%. | Weighted memory p50: 80047.79 USD vs execution price 62609.14 USD. | PnL: unrealized 19.08 USDT (4.71%), realized 0.01 USDT. | Live source: coinbase. | Structural regime: bear_late; market regime: range_bias_up_dev_extreme. | Flow: neutru/slab; liquidity: ridicată/puternică. | v0.6.3 guarded target reached or cash too low for useful accumulation. | v0.6.3 adapter: raw=HOLD_TARGET_REACHED_V063, paper=HOLD, target exposure=40.0%, fraction=0.00%. | Cash corridor: profile bear_late_cash_corridor_strong_override, max exposure 40.0%, min cash reserve 10.0%, current exposure 41.6%."
2026-07-03T22:40:11.598680+00:00,2026-07-03,kraken,62521.5,61310.0,76377.49643879641,-18.1415,9.8113,28.0324,26.4024,68.4288,20.8467,bear_late,range_bias_up_dev_extreme,HOLD,v063_target_reached,0.0,0.0,594.54055914,0.006776815856,405.21189754,59793.84804757,18.484795,4.5618,0.00915003,18.49394503,1.8494,41.6108,1018.23725168,"Memory edge: 20.85%. | Expected 7d/30d: 9.81% / 28.03%. | Historical drawdown risk to weighted p10: 26.40%. | Memory confidence: 68.4%. | Weighted memory p50: 80047.79 USD vs execution price 62521.50 USD. | PnL: unrealized 18.48 USDT (4.56%), realized 0.01 USDT. | Live source: kraken. | Structural regime: bear_late; market regime: range_bias_up_dev_extreme. | Flow: neutru/slab; liquidity: ridicată/puternică. | v0.6.3 guarded target reached or cash too low for useful accumulation. | v0.6.3 adapter: raw=HOLD_TARGET_REACHED_V063, paper=HOLD, target exposure=40.0%, fraction=0.00%. | Cash corridor: profile bear_late_cash_corridor_strong_override, max exposure 40.0%, min cash reserve 10.0%, current exposure 41.6%."
2026-07-03T23:42:41.557031+00:00,2026-07-03,kraken,62634.5,61310.0,76377.49643879641,-17.9935,9.7305,27.8014,26.5352,68.4288,20.6467,bear_late,range_bias_up_dev_extreme,HOLD,v063_target_reached,0.0,0.0,594.54055914,0.006776815856,405.21189754,59793.84804757,19.25057519,4.7507,0.00915003,19.25972522,1.926,41.6547,1019.00303187,"Memory edge: 20.65%. | Expected 7d/30d: 9.73% / 27.80%. | Historical drawdown risk to weighted p10: 26.54%. | Memory confidence: 68.4%. | Weighted memory p50: 80047.79 USD vs execution price 62634.50 USD. | PnL: unrealized 19.25 USDT (4.75%), realized 0.01 USDT. | Live source: kraken. | Structural regime: bear_late; market regime: range_bias_up_dev_extreme. | Flow: neutru/slab; liquidity: ridicată/puternică. | v0.6.3 guarded target reached or cash too low for useful accumulation. | v0.6.3 adapter: raw=HOLD_TARGET_REACHED_V063, paper=HOLD, target exposure=40.0%, fraction=0.00%. | Cash corridor: profile bear_late_cash_corridor_strong_override, max exposure 40.0%, min cash reserve 10.0%, current exposure 41.7%."
2026-07-04T01:19:24.548780+00:00,2026-07-03,kraken,62534.6,61310.0,76377.49643879641,,,,,,,bear_late,profit_only_executor,TAKE_PROFIT_SMALL,profit_protection_stale_safe,84.75709377,-0.001355363171,679.29765291,0.005421452685,324.16951803,59793.84804757,14.85885703,4.5837,3.72386429,18.58272132,1.8583,33.2927,1018.32602797,Profit-only executor activated from watcher. | Small adaptive threshold reached: 4.58% >= 4.50%. | This path is sell-only and does not use stale state for new buys.
2026-07-04T03:58:40.516346+00:00,2026-07-03,coinbase,62580.175,61310.0,76377.49643879641,,,,,,,bear_late,profit_only_executor,TAKE_PROFIT_SMALL,profit_protection_stale_safe,67.85509156,-0.001084290537,747.15274447,0.004337162148,259.33561442,59793.84804499,12.0847518,4.6599,6.74505224,18.82980404,1.883,26.6471,1018.57311069,Profit-only executor activated from watcher. | Small adaptive threshold reached: 4.66% >= 4.50%. | This path is sell-only and does not use stale state for new buys.
2026-07-04T04:55:46.117999+00:00,2026-07-04,kraken,62627.7,62584.0,76710.4094742587,-18.3583,9.847,28.1343,26.5272,68.5017,20.9168,bear_late,range_bias_up_dev_extreme,ACCUMULATE_SMALL,v063_memory_moderate,101.87792343,0.001626723054,645.27482104,0.005963885202,361.21353785,60566.81602601,12.29087544,3.4027,6.74505224,19.03592768,1.9036,36.662,1018.77923433,"Memory edge: 20.92%. | Expected 7d/30d: 9.85% / 28.13%. | Historical drawdown risk to weighted p10: 26.53%. | Memory confidence: 68.5%. | Weighted memory p50: 80247.54 USD vs execution price 62627.70 USD. | PnL: unrealized 12.29 USDT (4.74%), realized 6.75 USDT. | Live source: kraken. | Structural regime: bear_late; market regime: range_bias_up_dev_extreme. | Flow: neutru/slab; liquidity: ridicată/puternică. | v0.6.3 guarded accumulation: strong_memory_accumulation; guard_state=normal. | v0.6.3 adapter: raw=ALLOCATE_DEEP_UNDERPRICED_V063, paper=ACCUMULATE_SMALL, target exposure=40.0%, fraction=10.00%. | Cash corridor: profile bear_late_cash_corridor_strong_override, max exposure 40.0%, min cash reserve 10.0%, current exposure 26.7%."
